{"Seed":-2147483648,"TransitionSettings":{"Mode":"None","AreaConstraint":"None","TransitionMatching":"MatchingDirections","Coupled":true},"SkipSettings":{"PreciseMovement":false,"ProficientCombat":false,"BackgroundObjectPogos":false,"EnemyPogos":false,"ObscureSkips":false,"ShadeSkips":false,"InfectionSkips":false,"FireballSkips":false,"SpikeTunnels":false,"AcidSkips":false,"DamageBoosts":false,"DangerousSkips":false,"DarkRooms":false,"Slopeballs":false,"ShriekPogos":false,"ComplexSkips":false,"DifficultSkips":false},"PoolSettings":{"Dreamers":true,"Skills":true,"Charms":true,"Keys":true,"MaskShards":true,"VesselFragments":true,"PaleOre":true,"CharmNotches":true,"GeoChests":true,"Relics":true,"RancidEggs":true,"Stags":true,"Maps":true,"WhisperingRoots":false,"Grubs":true,"LifebloodCocoons":true,"SoulTotems":true,"GrimmkinFlames":false,"GeoRocks":false,"BossEssence":false,"BossGeo":true,"LoreTablets":true,"JournalEntries":true,"JunkPitChests":true},"NoveltySettings":{"RandomizeSwim":true,"RandomizeElevatorPass":true,"RandomizeNail":false,"RandomizeFocus":false,"SplitClaw":false,"SplitCloak":false,"SplitSuperdash":false,"EggShop":true},"CostSettings":{"MinimumGrubCost":1,"MaximumGrubCost":23,"GrubTolerance":3,"MinimumEssenceCost":1,"MaximumEssenceCost":900,"EssenceTolerance":200,"MinimumEggCost":1,"MaximumEggCost":9,"EggTolerance":2,"MinimumCharmCost":1,"MaximumCharmCost":20,"CharmTolerance":4},"CursedSettings":{"LongerProgressionChains":true,"ReplaceJunkWithOneGeo":false,"RemoveSpellUpgrades":false,"Deranged":false,"CursedMasks":0,"CursedNotches":0,"RandomizeMimics":false,"MaximumGrubsReplacedByMimics":0},"LongLocationSettings":{"WhitePalaceRando":"Allowed","BossEssenceRando":"All","ColosseumPreview":true,"KingFragmentPreview":true,"FlowerQuestPreview":true,"GreyPrinceZotePreview":true,"WhisperingRootPreview":true,"DreamerPreview":true,"AbyssShriekPreview":true,"VoidHeartPreview":true,"GodtunerPreview":true,"LoreTabletPreview":true,"BasinFountainPreview":true,"NailmasterPreview":true,"StagPreview":true,"MapPreview":true,"DivinePreview":true,"GeoShopPreview":"CostAndName","GrubfatherPreview":"CostAndName","SeerPreview":"CostAndName","EggShopPreview":"CostAndName"},"StartLocationSettings":{"StartLocationType":"RandomExcludingKP","StartLocation":null},"StartItemSettings":{"MinimumStartGeo":420,"MaximumStartGeo":690,"VerticalMovement":"None","HorizontalMovement":"None","Charms":"OneRandomItem","Stags":"None","MiscItems":"None"},"MiscSettings":{"RandomizeNotchCosts":true,"MinRandomNotchTotal":60,"MaxRandomNotchTotal":100,"ExtraPlatforms":true,"SalubraNotches":"Randomized","MaskShards":"TwoShardsPerMask","VesselFragments":"ThreeFragmentsPerVessel","SteelSoul":false,"FireballUpgrade":"Toggleable"},"ProgressionDepthSettings":{"MultiLocationPenalty":true,"DuplicateItemPenalty":true,"LocationPriorityTransformType":"Quadratic","ItemLocationPriorityInteraction":"Cliff","LocationPriorityTransformCoefficient":0.3,"TransitionPriorityTransformType":"SquareRoot","TransitionTransitionPriorityInteraction":"Cliff","TransitionPriorityTransformCoefficient":1.0},"DuplicateItemSettings":{"MothwingCloak":false,"MantisClaw":false,"CrystalHeart":true,"MonarchWings":false,"ShadeCloak":true,"DreamNail":true,"VoidHeart":true,"Dreamer":false,"SwimmingItems":false,"LevelOneSpells":true,"LevelTwoSpells":false,"Grimmchild":false,"NailArts":false,"CursedNailItems":false,"DuplicateUniqueKeys":false,"SimpleKeyHandling":"TwoExtraKeysInLogic","SplitClawHandling":"NoDupe","SplitCloakHandling":"DupeBoth","SplitSuperdashHandling":"NoDupe"},"SplitGroupSettings":{"RandomizeOnStart":false,"Dreamers":-1,"Skills":-1,"Charms":-1,"Keys":-1,"MaskShards":-1,"VesselFragments":-1,"CharmNotches":-1,"PaleOre":-1,"GeoChests":-1,"RancidEggs":-1,"Relics":-1,"WhisperingRoots":-1,"BossEssence":-1,"Grubs":3,"Mimics":3,"Maps":-1,"Stags":-1,"LifebloodCocoons":-1,"GrimmkinFlames":-1,"JournalEntries":-1,"GeoRocks":-1,"BossGeo":-1,"SoulTotems":-1,"LoreTablets":-1}}