{"SharedPacks":[{"Name":"Early Dash","Constraints":[],"PriorityEdits":[{"Target":{"match":"ITEM","name":"Mothwing_Cloak"},"Op":"MUL","Param":0.5},{"Target":{"match":"ITEM","name":"Shade_Cloak"},"Op":"MUL","Param":0.9}]},{"Name":"Late Vertical","Constraints":[],"PriorityEdits":[{"Target":{"match":"ITEM","name":"Monarch_Wings"},"Op":"MUL","Param":2.0},{"Target":{"match":"ITEM","name":"Monarch_Wings"},"Op":"MAX","Param":0.3},{"Target":{"match":"ITEM","name":"Monarch_Wings"},"Op":"MIN","Param":0.7},{"Target":{"match":"ITEM","name":"Mantis_Claw"},"Op":"ADD","Param":0.15},{"Target":{"match":"ITEM","name":"Mantis_Claw"},"Op":"MUL","Param":3.0},{"Target":{"match":"ITEM","name":"Mantis_Claw"},"Op":"MAX","Param":0.7}]},{"Name":"Sensible Shops","Constraints":[{"Target":{"match":"ITEM_REGEX","name":"^Boss_Essence.*$"},"Type":"NOTLOCATION","Params":["Seer"],"Strict":false},{"Target":{"match":"ITEM_REGEX","name":"^Whispering_Root.*$"},"Type":"NOTLOCATION","Params":["Seer"],"Strict":false},{"Target":{"match":"ITEM","name":"Rancid_Egg"},"Type":"NOTLOCATION","Params":["Egg_Shop"],"Strict":false},{"Target":{"match":"ITEM","name":"Grub"},"Type":"NOTLOCATION","Params":["Grubfather"],"Strict":false},{"Target":{"match":"ITEM","name":"Mimic_Grub"},"Type":"NOTLOCATION","Params":["Grubfather"],"Strict":false},{"Target":{"match":"ITEM_REGEX","name":"^Geo_Rock.*$"},"Type":"NOTLOCATION","Params":["Sly","Sly_(Key)","Iselda","Salubra","Salubra_(Requires_Charms)","Leg_Eater"],"Strict":false},{"Target":{"match":"ITEM_REGEX","name":"^Boss_Geo.*$"},"Type":"NOTLOCATION","Params":["Sly","Sly_(Key)","Iselda","Salubra","Salubra_(Requires_Charms)","Leg_Eater"],"Strict":false},{"Target":{"match":"ITEM_REGEX","name":"^Geo_Chest.*$"},"Type":"NOTLOCATION","Params":["Sly","Sly_(Key)","Iselda","Salubra","Salubra_(Requires_Charms)","Leg_Eater"],"Strict":false},{"Target":{"match":"ITEM_REGEX","name":"^.*_Geo$"},"Type":"NOTLOCATION","Params":["Sly","Sly_(Key)","Iselda","Salubra","Salubra_(Requires_Charms)","Leg_Eater"],"Strict":false}],"PriorityEdits":[]}]}