{"Enabled":true,"MiscLocationSettings":{"Swim":false,"StagNestEgg":true,"BaldurShellChest":true},"LemmShopSettings":{"Enabled":false,"RelicGeoGroup":-1,"GeoSettings":{"JournalSales":7,"SealSales":9,"IdolSales":4,"EggSales":2},"CostSettings":{"MinimumJournalCost":1,"MaximumJournalCost":10,"JournalTolerance":2,"MinimumSealCost":1,"MaximumSealCost":12,"SealTolerance":2,"MinimumIdolCost":1,"MaximumIdolCost":4,"IdolTolerance":2,"MinimumEggCost":1,"MaximumEggCost":1,"EggTolerance":2}},"JunkShopSettings":{"Enabled":false,"CostSettings":{"MinimumCostsPerItem":1,"MaximumCostsPerItem":3}}}